Compliance Year,RIN Year,Categories,Fuel (D Code),Assignment,Total RINs
"2026","2026","Exporter","D3","Assigned","16,026,632"
"2026","2026","Exporter","D3","Separated","1,385,974"
"2026","2026","Exporter","D4","Assigned","568,569,218"
"2026","2026","Exporter","D4","Separated","119,472,066"
"2026","2026","Exporter","D5","Assigned","11,687,204"
"2026","2026","Exporter","D5","Separated","1,900,000"
"2026","2026","Exporter","D6","Assigned","4,608,216,418"
"2026","2026","Exporter","D6","Separated","221,681,150"
"2026","2026","Obligated Party","D3","Separated","239,070,898"
"2026","2026","Obligated Party","D4","Separated","1,211,064,005"
"2026","2026","Obligated Party","D4","Assigned","34,600,199"
"2026","2026","Obligated Party","D5","Separated","51,859,681"
"2026","2026","Obligated Party","D6","Separated","3,151,086,684"
"2026","2026","Obligated Party","D6","Assigned","31,398,475"
"2026","2026","RIN Originator","D3","Separated","692,715,517"
"2026","2026","RIN Originator","D3","Assigned","32,572,255"
"2026","2026","RIN Originator","D4","Assigned","1,799,467,961"
"2026","2026","RIN Originator","D4","Separated","692,647,196"
"2026","2026","RIN Originator","D5","Assigned","26,254,455"
"2026","2026","RIN Originator","D5","Separated","2,153,220"
"2026","2026","RIN Originator","D6","Assigned","6,417,468,812"
"2026","2026","RIN Originator","D6","Separated","100,523,521"
"2026","2026","RIN Originator","D7","Separated","9,226"
"2026","2026","RIN Owner","D3","Separated","955,304,422"
"2026","2026","RIN Owner","D3","Assigned","12,056,965"
"2026","2026","RIN Owner","D4","Separated","2,012,001,615"
"2026","2026","RIN Owner","D4","Assigned","376,524,295"
"2026","2026","RIN Owner","D5","Assigned","15,930,183"
"2026","2026","RIN Owner","D5","Separated","3,323,298"
"2026","2026","RIN Owner","D6","Separated","2,957,708,636"
"2026","2026","RIN Owner","D6","Assigned","2,134,047,448"
"2026","2026","RIN Owner","D7","Separated","9,226"
"2026","2025","Exporter","D3","Assigned","3,067,171"
"2026","2025","Exporter","D3","Separated","2,372,731"
"2026","2025","Exporter","D4","Assigned","36,666,661"
"2026","2025","Exporter","D4","Separated","7,893,523"
"2026","2025","Exporter","D5","Assigned","11,612,254"
"2026","2025","Exporter","D5","Separated","3,279,563"
"2026","2025","Exporter","D6","Assigned","377,627,120"
"2026","2025","Exporter","D6","Separated","144,002,762"
"2026","2025","Obligated Party","D3","Separated","218,178,315"
"2026","2025","Obligated Party","D4","Separated","1,451,904,992"
"2026","2025","Obligated Party","D4","Assigned","22,536,577"
"2026","2025","Obligated Party","D5","Separated","13,672,686"
"2026","2025","Obligated Party","D6","Separated","1,851,910,206"
"2026","2025","Obligated Party","D6","Assigned","1,734,952"
"2026","2025","RIN Originator","D3","Separated","206,262,319"
"2026","2025","RIN Originator","D4","Separated","184,433,157"
"2026","2025","RIN Originator","D4","Assigned","66,680,684"
"2026","2025","RIN Originator","D5","Separated","1,833,558"
"2026","2025","RIN Originator","D5","Assigned","1,284,094"
"2026","2025","RIN Originator","D6","Separated","51,473,028"
"2026","2025","RIN Originator","D6","Assigned","20,866,596"
"2026","2025","RIN Owner","D3","Separated","696,378,752"
"2026","2025","RIN Owner","D3","Assigned","127,084"
"2026","2025","RIN Owner","D4","Separated","1,758,048,560"
"2026","2025","RIN Owner","D4","Assigned","29,558,849"
"2026","2025","RIN Owner","D5","Assigned","13,196,464"
"2026","2025","RIN Owner","D5","Separated","9,848,468"
"2026","2025","RIN Owner","D6","Separated","3,335,771,105"
"2026","2025","RIN Owner","D6","Assigned","132,987,985"
"2026","2024","Exporter","D3","Assigned","430,156"
"2026","2024","Exporter","D3","Separated","81,928"
"2026","2024","Exporter","D4","Separated","34,002"
"2026","2024","Exporter","D5","Assigned","458,422"
"2026","2024","Exporter","D6","Separated","2,323,237"
"2026","2024","Exporter","D6","Assigned","195,355"
"2026","2024","Obligated Party","D3","Separated","17,750,545"
"2026","2024","Obligated Party","D4","Separated","114,127,362"
"2026","2024","Obligated Party","D5","Separated","974,094"
"2026","2024","Obligated Party","D6","Separated","277,947,994"
"2026","2024","RIN Originator","D3","Separated","9,454"
"2026","2024","RIN Originator","D4","Assigned","34,002"
"2026","2024","RIN Originator","D4","Separated","34,002"
"2026","2024","RIN Originator","D5","Separated","110,591"
"2026","2024","RIN Originator","D6","Separated","4,230,020"
"2026","2024","RIN Originator","D6","Assigned","30,994"
"2026","2024","RIN Owner","D3","Separated","16,551,890"
"2026","2024","RIN Owner","D4","Separated","241,597,872"
"2026","2024","RIN Owner","D5","Separated","3,344,450"
"2026","2024","RIN Owner","D5","Assigned","972,288"
"2026","2024","RIN Owner","D6","Separated","299,087,610"
"2026","2023","RIN Owner","D6","Separated","16,800"
"2026","2021","RIN Owner","D6","Separated","8,000"
"2026","2018","RIN Owner","D4","Separated","6,321"
"2026","2018","RIN Owner","D6","Separated","7,863"
"2025","2025","Exporter","D3","Separated","234,033,750"
"2025","2025","Exporter","D3","Assigned","11,493,242"
"2025","2025","Exporter","D4","Assigned","1,257,556,194"
"2025","2025","Exporter","D4","Separated","1,183,048,929"
"2025","2025","Exporter","D5","Assigned","53,294,023"
"2025","2025","Exporter","D5","Separated","4,267,048"
"2025","2025","Exporter","D6","Assigned","7,049,031,006"
"2025","2025","Exporter","D6","Separated","1,894,363,744"
"2025","2025","Obligated Party","D3","Separated","640,298,307"
"2025","2025","Obligated Party","D3","Assigned","717,989"
"2025","2025","Obligated Party","D4","Separated","4,015,487,630"
"2025","2025","Obligated Party","D4","Assigned","106,551,220"
"2025","2025","Obligated Party","D5","Separated","104,782,705"
"2025","2025","Obligated Party","D5","Assigned","9,156"
"2025","2025","Obligated Party","D6","Separated","9,398,817,144"
"2025","2025","Obligated Party","D6","Assigned","1,427,050,806"
"2025","2025","RIN Originator","D3","Separated","1,608,825,733"
"2025","2025","RIN Originator","D3","Assigned","69,524,152"
"2025","2025","RIN Originator","D4","Assigned","2,848,023,048"
"2025","2025","RIN Originator","D4","Separated","1,562,372,419"
"2025","2025","RIN Originator","D5","Assigned","69,891,361"
"2025","2025","RIN Originator","D5","Separated","8,430,967"
"2025","2025","RIN Originator","D6","Assigned","12,317,939,629"
"2025","2025","RIN Originator","D6","Separated","639,513,311"
"2025","2025","RIN Originator","D7","Separated","224,874"
"2025","2025","RIN Owner","D3","Separated","2,134,105,277"
"2025","2025","RIN Owner","D3","Assigned","49,958,710"
"2025","2025","RIN Owner","D4","Separated","5,222,995,306"
"2025","2025","RIN Owner","D4","Assigned","798,775,473"
"2025","2025","RIN Owner","D5","Assigned","71,290,173"
"2025","2025","RIN Owner","D5","Separated","58,405,961"
"2025","2025","RIN Owner","D6","Separated","8,985,618,722"
"2025","2025","RIN Owner","D6","Assigned","6,689,126,944"
"2025","2025","RIN Owner","D7","Separated","224,874"
"2025","2024","Exporter","D3","Separated","80,693,737"
"2025","2024","Exporter","D3","Assigned","170,358"
"2025","2024","Exporter","D4","Separated","559,924,357"
"2025","2024","Exporter","D4","Assigned","139,427,537"
"2025","2024","Exporter","D5","Separated","7,847,742"
"2025","2024","Exporter","D5","Assigned","4,517,883"
"2025","2024","Exporter","D6","Separated","1,144,947,711"
"2025","2024","Exporter","D6","Assigned","240,261,427"
"2025","2024","Obligated Party","D3","Separated","247,969,108"
"2025","2024","Obligated Party","D4","Separated","1,709,836,730"
"2025","2024","Obligated Party","D4","Assigned","42,162,799"
"2025","2024","Obligated Party","D5","Separated","26,739,643"
"2025","2024","Obligated Party","D6","Separated","3,030,451,330"
"2025","2024","Obligated Party","D6","Assigned","46,120,479"
"2025","2024","RIN Originator","D3","Separated","201,040,261"
"2025","2024","RIN Originator","D3","Assigned","142,082"
"2025","2024","RIN Originator","D4","Separated","399,885,819"
"2025","2024","RIN Originator","D4","Assigned","42,047,794"
"2025","2024","RIN Originator","D5","Separated","5,003,577"
"2025","2024","RIN Originator","D5","Assigned","22,729"
"2025","2024","RIN Originator","D6","Separated","281,940,365"
"2025","2024","RIN Originator","D6","Assigned","35,051,559"
"2025","2024","RIN Owner","D3","Separated","287,079,049"
"2025","2024","RIN Owner","D3","Assigned","2,902,015"
"2025","2024","RIN Owner","D4","Separated","2,387,026,134"
"2025","2024","RIN Owner","D4","Assigned","104,297,306"
"2025","2024","RIN Owner","D5","Assigned","21,870,047"
"2025","2024","RIN Owner","D5","Separated","19,648,361"
"2025","2024","RIN Owner","D6","Separated","3,988,455,531"
"2025","2024","RIN Owner","D6","Assigned","203,354,577"
"2025","2023","Exporter","D3","Separated","11,616,009"
"2025","2023","Exporter","D4","Separated","121,424,925"
"2025","2023","Exporter","D5","Separated","7,035,712"
"2025","2023","Exporter","D6","Separated","262,048,845"
"2025","2023","Exporter","D6","Assigned","82,456"
"2025","2023","Obligated Party","D3","Separated","29,904,859"
"2025","2023","Obligated Party","D4","Separated","376,438,149"
"2025","2023","Obligated Party","D5","Separated","2,794,920"
"2025","2023","Obligated Party","D6","Separated","690,073,576"
"2025","2023","Obligated Party","D6","Assigned","57,120"
"2025","2023","RIN Originator","D4","Separated","1,126,675"
"2025","2023","RIN Originator","D4","Assigned","79,341"
"2025","2023","RIN Originator","D5","Separated","6"
"2025","2023","RIN Originator","D6","Assigned","317,084"
"2025","2023","RIN Originator","D6","Separated","182,284"
"2025","2023","RIN Owner","D3","Separated","52,321,457"
"2025","2023","RIN Owner","D4","Separated","564,298,633"
"2025","2023","RIN Owner","D4","Assigned","259,784"
"2025","2023","RIN Owner","D5","Separated","7,632,717"
"2025","2023","RIN Owner","D5","Assigned","2,691,297"
"2025","2023","RIN Owner","D6","Separated","999,949,181"
"2025","2023","RIN Owner","D6","Assigned","533,356"
"2025","2022","Exporter","D3","Separated","1,910,629"
"2025","2022","Exporter","D4","Separated","12,516,837"
"2025","2022","Exporter","D5","Separated","1,561,739"
"2025","2022","Exporter","D6","Separated","59,929,360"
"2025","2022","Obligated Party","D3","Separated","5,106,747"
"2025","2022","Obligated Party","D4","Separated","28,647,198"
"2025","2022","Obligated Party","D5","Separated","3,478,971"
"2025","2022","Obligated Party","D6","Separated","128,174,406"
"2025","2022","RIN Originator","D4","Assigned","10,320"
"2025","2022","RIN Originator","D6","Assigned","450"
"2025","2022","RIN Owner","D3","Separated","9,192,508"
"2025","2022","RIN Owner","D4","Separated","39,709,713"
"2025","2022","RIN Owner","D5","Separated","7,837,104"
"2025","2022","RIN Owner","D6","Separated","158,517,522"
"2025","2021","Exporter","D3","Separated","1,163,469"
"2025","2021","Exporter","D4","Separated","7,745,369"
"2025","2021","Exporter","D5","Separated","1,595,613"
"2025","2021","Exporter","D6","Separated","28,488,327"
"2025","2021","Obligated Party","D3","Separated","1,772,813"
"2025","2021","Obligated Party","D4","Separated","25,629,373"
"2025","2021","Obligated Party","D5","Separated","1,875,779"
"2025","2021","Obligated Party","D6","Separated","36,841,925"
"2025","2021","RIN Owner","D3","Separated","9,801,114"
"2025","2021","RIN Owner","D4","Separated","77,991,551"
"2025","2021","RIN Owner","D5","Separated","10,012,563"
"2025","2021","RIN Owner","D6","Separated","241,845,161"
"2025","2020","Exporter","D3","Separated","2,655,947"
"2025","2020","Exporter","D4","Separated","22,924,566"
"2025","2020","Exporter","D5","Separated","425,215"
"2025","2020","Exporter","D6","Separated","75,106,021"
"2025","2020","Obligated Party","D3","Separated","3,731,828"
"2025","2020","Obligated Party","D4","Separated","29,494,507"
"2025","2020","Obligated Party","D5","Separated","9,919,387"
"2025","2020","Obligated Party","D6","Separated","142,474,190"
"2025","2020","RIN Owner","D3","Separated","4,600,801"
"2025","2020","RIN Owner","D4","Separated","16,984,133"
"2025","2020","RIN Owner","D5","Separated","13,671,915"
"2025","2020","RIN Owner","D6","Separated","147,160,676"
"2025","2019","Exporter","D3","Separated","1,012,791"
"2025","2019","Exporter","D4","Separated","10,251,608"
"2025","2019","Exporter","D6","Separated","21,806,712"
"2025","2019","Obligated Party","D3","Separated","932,957"
"2025","2019","Obligated Party","D4","Separated","1,557,528"
"2025","2019","Obligated Party","D6","Separated","7,323"
"2025","2019","RIN Owner","D3","Separated","7,437,873"
"2025","2019","RIN Owner","D4","Separated","57,044,630"
"2025","2019","RIN Owner","D5","Separated","366,624"
"2025","2019","RIN Owner","D6","Separated","214,374,864"
"2025","2018","RIN Owner","D3","Separated","654,492"
"2025","2018","RIN Owner","D4","Separated","10,414,493"
"2025","2018","RIN Owner","D6","Separated","17,289,955"
"2024","2024","Exporter","D3","Separated","480,165,999"
"2024","2024","Exporter","D3","Assigned","17,407,730"
"2024","2024","Exporter","D4","Separated","3,332,244,396"
"2024","2024","Exporter","D4","Assigned","2,349,660,367"
"2024","2024","Exporter","D5","Assigned","57,914,060"
"2024","2024","Exporter","D5","Separated","11,193,631"
"2024","2024","Exporter","D6","Assigned","9,812,297,302"
"2024","2024","Exporter","D6","Separated","2,090,064,654"
"2024","2024","Obligated Party","D3","Separated","743,539,311"
"2024","2024","Obligated Party","D4","Separated","5,731,809,157"
"2024","2024","Obligated Party","D4","Assigned","617,100,894"
"2024","2024","Obligated Party","D5","Separated","121,096,266"
"2024","2024","Obligated Party","D5","Assigned","7,756,055"
"2024","2024","Obligated Party","D6","Separated","12,389,590,026"
"2024","2024","Obligated Party","D6","Assigned","2,097,932,879"
"2024","2024","RIN Originator","D3","Separated","814,697,417"
"2024","2024","RIN Originator","D3","Assigned","41,594,660"
"2024","2024","RIN Originator","D4","Assigned","3,746,165,981"
"2024","2024","RIN Originator","D4","Separated","1,507,148,741"
"2024","2024","RIN Originator","D5","Assigned","36,751,239"
"2024","2024","RIN Originator","D5","Separated","9,999,164"
"2024","2024","RIN Originator","D6","Assigned","12,721,750,449"
"2024","2024","RIN Originator","D6","Separated","109,290,552"
"2024","2024","RIN Originator","D7","Separated","259,384"
"2024","2024","RIN Owner","D3","Separated","252,181,357"
"2024","2024","RIN Owner","D3","Assigned","15,633,362"
"2024","2024","RIN Owner","D4","Separated","2,605,298,165"
"2024","2024","RIN Owner","D4","Assigned","597,196,203"
"2024","2024","RIN Owner","D5","Separated","12,798,788"
"2024","2024","RIN Owner","D5","Assigned","1,546,351"
"2024","2024","RIN Owner","D6","Separated","4,236,400,635"
"2024","2024","RIN Owner","D6","Assigned","3,318,101,332"
"2024","2024","RIN Owner","D7","Separated","259,384"
"2024","2023","Exporter","D3","Separated","98,651,273"
"2024","2023","Exporter","D4","Separated","681,989,494"
"2024","2023","Exporter","D4","Assigned","292,448,032"
"2024","2023","Exporter","D5","Separated","3,305,334"
"2024","2023","Exporter","D5","Assigned","2,736,766"
"2024","2023","Exporter","D6","Separated","531,762,404"
"2024","2023","Exporter","D6","Assigned","300,810,881"
"2024","2023","Obligated Party","D3","Separated","134,642,839"
"2024","2023","Obligated Party","D4","Separated","1,994,845,025"
"2024","2023","Obligated Party","D4","Assigned","95,222,940"
"2024","2023","Obligated Party","D5","Separated","16,010,960"
"2024","2023","Obligated Party","D5","Assigned","45,446"
"2024","2023","Obligated Party","D6","Separated","2,834,677,975"
"2024","2023","Obligated Party","D6","Assigned","90,607,724"
"2024","2023","RIN Originator","D3","Separated","88,819,268"
"2024","2023","RIN Originator","D3","Assigned","29,024"
"2024","2023","RIN Originator","D4","Separated","247,021,357"
"2024","2023","RIN Originator","D4","Assigned","168,937,180"
"2024","2023","RIN Originator","D5","Separated","550,320"
"2024","2023","RIN Originator","D5","Assigned","49,274"
"2024","2023","RIN Originator","D6","Separated","19,176,015"
"2024","2023","RIN Originator","D6","Assigned","17,315,789"
"2024","2023","RIN Owner","D3","Separated","66,574,201"
"2024","2023","RIN Owner","D4","Separated","1,059,195,180"
"2024","2023","RIN Owner","D4","Assigned","45,685,558"
"2024","2023","RIN Owner","D5","Separated","14,123,873"
"2024","2023","RIN Owner","D5","Assigned","1,101,473"
"2024","2023","RIN Owner","D6","Separated","1,484,878,763"
"2024","2023","RIN Owner","D6","Assigned","84,900,289"
"2024","2023","RIN Owner","D7","Separated","208,643"
"2024","2022","Exporter","D3","Separated","1,758,167"
"2024","2022","Exporter","D4","Separated","1,559,238"
"2024","2022","Exporter","D4","Assigned","1,294,950"
"2024","2022","Exporter","D6","Separated","7,212,782"
"2024","2022","Exporter","D6","Assigned","306,441"
"2024","2022","Obligated Party","D3","Separated","5,249,308"
"2024","2022","Obligated Party","D4","Separated","25,483,594"
"2024","2022","Obligated Party","D5","Separated","322,450"
"2024","2022","Obligated Party","D6","Separated","29,055,508"
"2024","2022","RIN Originator","D3","Separated","20,172"
"2024","2022","RIN Originator","D4","Separated","3,380,619"
"2024","2022","RIN Originator","D4","Assigned","344,160"
"2024","2022","RIN Originator","D6","Separated","28,992"
"2024","2022","RIN Owner","D3","Separated","5,445,973"
"2024","2022","RIN Owner","D4","Separated","3,126,460"
"2024","2022","RIN Owner","D5","Separated","5,999,172"
"2024","2022","RIN Owner","D6","Separated","20,753,625"
"2024","2022","RIN Owner","D6","Assigned","1,425,353"
"2024","2022","RIN Owner","D7","Separated","33,897"
"2024","2021","RIN Owner","D6","Separated","32,685"
"2023","2023","Exporter","D3","Separated","54,722,698"
"2023","2023","Exporter","D4","Assigned","2,687,902,302"
"2023","2023","Exporter","D4","Separated","2,511,405,804"
"2023","2023","Exporter","D5","Assigned","55,683,503"
"2023","2023","Exporter","D5","Separated","4,161,019"
"2023","2023","Exporter","D6","Assigned","8,584,229,028"
"2023","2023","Exporter","D6","Separated","2,663,564,013"
"2023","2023","Obligated Party","D3","Separated","346,282,748"
"2023","2023","Obligated Party","D4","Separated","3,644,638,947"
"2023","2023","Obligated Party","D4","Assigned","265,100,751"
"2023","2023","Obligated Party","D5","Separated","95,524,262"
"2023","2023","Obligated Party","D6","Separated","10,339,801,595"
"2023","2023","Obligated Party","D6","Assigned","1,257,052,582"
"2023","2023","RIN Originator","D3","Separated","758,420,976"
"2023","2023","RIN Originator","D3","Assigned","1,207,509"
"2023","2023","RIN Originator","D4","Assigned","3,497,007,097"
"2023","2023","RIN Originator","D4","Separated","2,073,543,138"
"2023","2023","RIN Originator","D5","Assigned","47,325,912"
"2023","2023","RIN Originator","D5","Separated","8,893,670"
"2023","2023","RIN Originator","D6","Assigned","12,882,191,501"
"2023","2023","RIN Originator","D6","Separated","898,589,826"
"2023","2023","RIN Originator","D7","Separated","208,643"
"2023","2023","RIN Owner","D3","Separated","366,465,770"
"2023","2023","RIN Owner","D4","Separated","2,978,413,823"
"2023","2023","RIN Owner","D4","Assigned","523,745,372"
"2023","2023","RIN Owner","D5","Separated","16,373,869"
"2023","2023","RIN Owner","D5","Assigned","767,898"
"2023","2023","RIN Owner","D6","Separated","5,040,379,907"
"2023","2023","RIN Owner","D6","Assigned","4,318,418,930"
"2023","2023","RIN Owner","D7","Separated","208,643"
"2023","2022","Exporter","D3","Separated","4,613,522"
"2023","2022","Exporter","D4","Separated","325,980,092"
"2023","2022","Exporter","D4","Assigned","170,404,846"
"2023","2022","Exporter","D5","Assigned","8,727,352"
"2023","2022","Exporter","D5","Separated","6,290,677"
"2023","2022","Exporter","D6","Separated","772,510,135"
"2023","2022","Exporter","D6","Assigned","310,615,970"
"2023","2022","Obligated Party","D3","Separated","123,304,575"
"2023","2022","Obligated Party","D4","Separated","1,321,544,347"
"2023","2022","Obligated Party","D4","Assigned","16,339,774"
"2023","2022","Obligated Party","D5","Separated","53,034,089"
"2023","2022","Obligated Party","D6","Separated","2,994,859,145"
"2023","2022","Obligated Party","D6","Assigned","45,484,848"
"2023","2022","RIN Originator","D3","Separated","96,461,670"
"2023","2022","RIN Originator","D3","Assigned","131,817"
"2023","2022","RIN Originator","D4","Separated","148,012,197"
"2023","2022","RIN Originator","D4","Assigned","109,469,424"
"2023","2022","RIN Originator","D5","Assigned","11,695,904"
"2023","2022","RIN Originator","D5","Separated","1,177,495"
"2023","2022","RIN Originator","D6","Separated","196,048,419"
"2023","2022","RIN Originator","D6","Assigned","54,985,711"
"2023","2022","RIN Originator","D7","Separated","33,897"
"2023","2022","RIN Owner","D3","Separated","133,282,111"
"2023","2022","RIN Owner","D4","Separated","816,177,547"
"2023","2022","RIN Owner","D4","Assigned","41,929,024"
"2023","2022","RIN Owner","D5","Separated","39,174,382"
"2023","2022","RIN Owner","D5","Assigned","382,867"
"2023","2022","RIN Owner","D6","Separated","2,167,264,016"
"2023","2022","RIN Owner","D6","Assigned","110,729,434"
"2023","2022","RIN Owner","D7","Separated","33,897"
"2023","2021","Exporter","D3","Separated","104,021"
"2023","2021","Exporter","D4","Separated","1,326,639"
"2023","2021","Exporter","D6","Separated","63,889,464"
"2023","2021","Exporter","D6","Assigned","2,217,247"
"2023","2021","Obligated Party","D3","Separated","63,963,534"
"2023","2021","Obligated Party","D4","Separated","448,543,416"
"2023","2021","Obligated Party","D4","Assigned","120,745"
"2023","2021","Obligated Party","D5","Separated","20,415,185"
"2023","2021","Obligated Party","D6","Separated","763,355,755"
"2023","2021","RIN Originator","D3","Separated","384,560"
"2023","2021","RIN Originator","D4","Assigned","3,084,722"
"2023","2021","RIN Originator","D4","Separated","204,266"
"2023","2021","RIN Originator","D5","Separated","160,791"
"2023","2021","RIN Originator","D6","Assigned","1,481,546"
"2023","2021","RIN Owner","D3","Separated","8,067,900"
"2023","2021","RIN Owner","D4","Separated","103,755,354"
"2023","2021","RIN Owner","D5","Separated","10,410,122"
"2023","2021","RIN Owner","D6","Separated","341,892,915"
"2023","2021","RIN Owner","D6","Assigned","285,372"
"2023","2020","Exporter","D3","Separated","18,823"
"2023","2020","Exporter","D6","Separated","3,034,901"
"2023","2020","Exporter","D6","Assigned","8,125"
"2023","2020","Obligated Party","D3","Separated","1,897,390"
"2023","2020","Obligated Party","D4","Separated","9,420,492"
"2023","2020","Obligated Party","D5","Separated","18,152,850"
"2023","2020","Obligated Party","D6","Separated","83,770,633"
"2023","2020","RIN Owner","D3","Separated","1,064,316"
"2023","2020","RIN Owner","D4","Separated","6,359,524"
"2023","2020","RIN Owner","D5","Separated","2,587,407"
"2023","2020","RIN Owner","D6","Separated","12,387,309"
"2023","2018","Obligated Party","D6","Separated","7,706"
"2022","2022","Exporter","D3","Separated","70,377,047"
"2022","2022","Exporter","D4","Assigned","1,971,400,223"
"2022","2022","Exporter","D4","Separated","1,252,636,392"
"2022","2022","Exporter","D5","Assigned","76,795,425"
"2022","2022","Exporter","D5","Separated","28,700,000"
"2022","2022","Exporter","D6","Assigned","9,567,450,262"
"2022","2022","Exporter","D6","Separated","1,142,856,254"
"2022","2022","Obligated Party","D3","Separated","237,043,626"
"2022","2022","Obligated Party","D4","Separated","3,058,941,108"
"2022","2022","Obligated Party","D4","Assigned","394,363,017"
"2022","2022","Obligated Party","D5","Separated","115,240,545"
"2022","2022","Obligated Party","D5","Assigned","11,896,265"
"2022","2022","Obligated Party","D6","Separated","11,016,224,420"
"2022","2022","Obligated Party","D6","Assigned","460,946,885"
"2022","2022","RIN Originator","D3","Separated","534,160,868"
"2022","2022","RIN Originator","D3","Assigned","1,264,686"
"2022","2022","RIN Originator","D4","Assigned","3,359,545,132"
"2022","2022","RIN Originator","D4","Separated","960,070,905"
"2022","2022","RIN Originator","D5","Assigned","68,802,026"
"2022","2022","RIN Originator","D5","Separated","23,329,509"
"2022","2022","RIN Originator","D6","Assigned","12,331,663,503"
"2022","2022","RIN Originator","D6","Separated","115,461,103"
"2022","2022","RIN Originator","D7","Separated","202,455"
"2022","2022","RIN Owner","D3","Separated","301,375,321"
"2022","2022","RIN Owner","D4","Separated","2,375,474,992"
"2022","2022","RIN Owner","D4","Assigned","478,044,696"
"2022","2022","RIN Owner","D5","Separated","18,643,887"
"2022","2022","RIN Owner","D5","Assigned","443,629"
"2022","2022","RIN Owner","D6","Separated","4,701,009,109"
"2022","2022","RIN Owner","D6","Assigned","4,478,159,182"
"2022","2022","RIN Owner","D7","Separated","202,455"
"2022","2021","Exporter","D3","Separated","2,283,228"
"2022","2021","Exporter","D4","Separated","310,062,323"
"2022","2021","Exporter","D4","Assigned","188,815,244"
"2022","2021","Exporter","D5","Separated","3,412,936"
"2022","2021","Exporter","D5","Assigned","534,742"
"2022","2021","Exporter","D6","Separated","525,535,484"
"2022","2021","Exporter","D6","Assigned","194,544,218"
"2022","2021","Obligated Party","D3","Separated","77,720,125"
"2022","2021","Obligated Party","D4","Separated","1,053,303,475"
"2022","2021","Obligated Party","D4","Assigned","114,713,571"
"2022","2021","Obligated Party","D5","Separated","26,189,298"
"2022","2021","Obligated Party","D6","Separated","2,519,474,411"
"2022","2021","Obligated Party","D6","Assigned","61,872,441"
"2022","2021","RIN Originator","D3","Separated","69,550,768"
"2022","2021","RIN Originator","D3","Assigned","30,821"
"2022","2021","RIN Originator","D4","Assigned","140,524,904"
"2022","2021","RIN Originator","D4","Separated","112,322,054"
"2022","2021","RIN Originator","D5","Assigned","4,656,640"
"2022","2021","RIN Originator","D5","Separated","2,486,741"
"2022","2021","RIN Originator","D6","Separated","20,758,714"
"2022","2021","RIN Originator","D6","Assigned","18,274,617"
"2022","2021","RIN Originator","D7","Separated","247,518"
"2022","2021","RIN Owner","D3","Separated","72,430,827"
"2022","2021","RIN Owner","D4","Separated","755,499,255"
"2022","2021","RIN Owner","D4","Assigned","32,273,481"
"2022","2021","RIN Owner","D5","Separated","15,319,522"
"2022","2021","RIN Owner","D5","Assigned","590,248"
"2022","2021","RIN Owner","D6","Separated","1,993,732,718"
"2022","2021","RIN Owner","D6","Assigned","79,490,009"
"2022","2021","RIN Owner","D7","Separated","247,518"
"2022","2020","Exporter","D4","Separated","1,546,619"
"2022","2020","Exporter","D5","Separated","252,950"
"2022","2020","Exporter","D6","Separated","32,686,890"
"2022","2020","Exporter","D6","Assigned","11,888"
"2022","2020","Obligated Party","D3","Separated","61,000,129"
"2022","2020","Obligated Party","D4","Separated","439,320,756"
"2022","2020","Obligated Party","D5","Separated","137,618,437"
"2022","2020","Obligated Party","D6","Separated","977,934,232"
"2022","2020","Obligated Party","D6","Assigned","29,000,261"
"2022","2020","RIN Originator","D3","Separated","53,165"
"2022","2020","RIN Originator","D4","Separated","75,814"
"2022","2020","RIN Originator","D6","Separated","37,716"
"2022","2020","RIN Originator","D7","Separated","55,892"
"2022","2020","RIN Owner","D3","Separated","20,720,739"
"2022","2020","RIN Owner","D4","Separated","153,565,633"
"2022","2020","RIN Owner","D4","Assigned","289,000"
"2022","2020","RIN Owner","D5","Separated","40,656,520"
"2022","2020","RIN Owner","D6","Separated","701,958,255"
"2022","2020","RIN Owner","D7","Separated","55,892"
"2022","2019","Exporter","D3","Assigned","419"
"2022","2019","Exporter","D4","Separated","49,755"
"2022","2019","Exporter","D6","Separated","384,461"
"2022","2019","Exporter","D6","Assigned","219,807"
"2022","2019","Obligated Party","D3","Separated","2,399,097"
"2022","2019","Obligated Party","D4","Separated","12,968,595"
"2022","2019","Obligated Party","D5","Separated","156,000"
"2022","2019","Obligated Party","D6","Separated","124,135,380"
"2022","2019","RIN Originator","D4","Separated","219,759"
"2022","2019","RIN Originator","D4","Assigned","1"
"2022","2019","RIN Owner","D3","Separated","872,467"
"2022","2019","RIN Owner","D4","Separated","8,932,394"
"2022","2019","RIN Owner","D5","Separated","102,575"
"2022","2019","RIN Owner","D6","Separated","25,293,383"
"2022","2018","Exporter","D4","Separated","2,169"
"2022","2018","Exporter","D6","Separated","29,369"
"2021","2021","Exporter","D3","Separated","13,200,000"
"2021","2021","Exporter","D4","Assigned","1,355,068,609"
"2021","2021","Exporter","D4","Separated","830,195,077"
"2021","2021","Exporter","D5","Separated","28,179,920"
"2021","2021","Exporter","D5","Assigned","26,279,780"
"2021","2021","Exporter","D6","Assigned","5,024,625,980"
"2021","2021","Exporter","D6","Separated","773,202,356"
"2021","2021","Obligated Party","D3","Separated","235,658,369"
"2021","2021","Obligated Party","D4","Separated","2,499,496,909"
"2021","2021","Obligated Party","D4","Assigned","579,356,533"
"2021","2021","Obligated Party","D5","Separated","52,854,929"
"2021","2021","Obligated Party","D5","Assigned","2,564,975"
"2021","2021","Obligated Party","D6","Separated","11,420,882,771"
"2021","2021","Obligated Party","D6","Assigned","570,666,499"
"2021","2021","RIN Originator","D3","Separated","436,363,095"
"2021","2021","RIN Originator","D3","Assigned","554,278"
"2021","2021","RIN Originator","D4","Assigned","3,158,563,885"
"2021","2021","RIN Originator","D4","Separated","655,711,323"
"2021","2021","RIN Originator","D5","Assigned","49,516,418"
"2021","2021","RIN Originator","D5","Separated","20,243,315"
"2021","2021","RIN Originator","D6","Assigned","12,714,704,829"
"2021","2021","RIN Originator","D6","Separated","132,203,907"
"2021","2021","RIN Owner","D3","Separated","196,197,496"
"2021","2021","RIN Owner","D3","Assigned","11,788"
"2021","2021","RIN Owner","D4","Separated","2,269,302,724"
"2021","2021","RIN Owner","D4","Assigned","878,129,089"
"2021","2021","RIN Owner","D5","Separated","14,062,873"
"2021","2021","RIN Owner","D5","Assigned","903,042"
"2021","2021","RIN Owner","D6","Assigned","7,230,313,588"
"2021","2021","RIN Owner","D6","Separated","4,832,645,530"
"2021","2020","Exporter","D3","Separated","603,368"
"2021","2020","Exporter","D3","Assigned","237,374"
"2021","2020","Exporter","D4","Separated","117,390,332"
"2021","2020","Exporter","D4","Assigned","71,063,239"
"2021","2020","Exporter","D5","Separated","4,902,743"
"2021","2020","Exporter","D5","Assigned","2,765,138"
"2021","2020","Exporter","D6","Separated","223,641,533"
"2021","2020","Exporter","D6","Assigned","201,331,772"
"2021","2020","Obligated Party","D3","Separated","58,452,810"
"2021","2020","Obligated Party","D4","Separated","656,113,571"
"2021","2020","Obligated Party","D4","Assigned","89,076,369"
"2021","2020","Obligated Party","D5","Separated","29,045,257"
"2021","2020","Obligated Party","D5","Assigned","129,392"
"2021","2020","Obligated Party","D6","Separated","1,789,946,530"
"2021","2020","Obligated Party","D6","Assigned","34,218,521"
"2021","2020","RIN Originator","D3","Separated","64,735,951"
"2021","2020","RIN Originator","D4","Assigned","125,970,677"
"2021","2020","RIN Originator","D4","Separated","97,716,601"
"2021","2020","RIN Originator","D5","Separated","18,054,074"
"2021","2020","RIN Originator","D5","Assigned","54,360"
"2021","2020","RIN Originator","D6","Separated","84,199,797"
"2021","2020","RIN Originator","D6","Assigned","59,558,914"
"2021","2020","RIN Owner","D3","Separated","92,624,063"
"2021","2020","RIN Owner","D4","Separated","520,429,075"
"2021","2020","RIN Owner","D4","Assigned","20,146,372"
"2021","2020","RIN Owner","D5","Separated","23,912,831"
"2021","2020","RIN Owner","D5","Assigned","358,948"
"2021","2020","RIN Owner","D6","Separated","1,260,919,408"
"2021","2020","RIN Owner","D6","Assigned","98,645,723"
"2021","2019","Exporter","D3","Separated","149,627"
"2021","2019","Exporter","D4","Separated","43,000,000"
"2021","2019","Exporter","D6","Separated","62,605,106"
"2021","2019","Obligated Party","D3","Separated","5,744,232"
"2021","2019","Obligated Party","D4","Separated","14,748,247"
"2021","2019","Obligated Party","D4","Assigned","10,403"
"2021","2019","Obligated Party","D5","Assigned","516,746"
"2021","2019","Obligated Party","D5","Separated","516,746"
"2021","2019","Obligated Party","D6","Separated","309,560,950"
"2021","2019","RIN Originator","D3","Separated","11,085"
"2021","2019","RIN Originator","D4","Separated","142,031"
"2021","2019","RIN Owner","D3","Separated","3,497,416"
"2021","2019","RIN Owner","D4","Separated","67,055,776"
"2021","2019","RIN Owner","D4","Assigned","5,083"
"2021","2019","RIN Owner","D5","Separated","2,036"
"2021","2019","RIN Owner","D6","Separated","661,930,470"
"2021","2019","RIN Owner","D6","Assigned","58"
"2021","2018","Obligated Party","D4","Separated","4,865,234"
"2021","2018","Obligated Party","D6","Separated","114,904"
"2021","2018","RIN Originator","D3","Separated","23,454"
"2021","2018","RIN Originator","D4","Assigned","11,686"
"2021","2018","RIN Originator","D4","Separated","8,192"
"2021","2018","RIN Owner","D3","Separated","11,727"
"2021","2018","RIN Owner","D6","Separated","229,808"
"2020","2020","Exporter","D3","Separated","6,504,622"
"2020","2020","Exporter","D4","Assigned","1,102,406,526"
"2020","2020","Exporter","D4","Separated","804,721,291"
"2020","2020","Exporter","D5","Assigned","47,756,645"
"2020","2020","Exporter","D5","Separated","37,367,247"
"2020","2020","Exporter","D6","Assigned","5,283,326,471"
"2020","2020","Exporter","D6","Separated","880,718,442"
"2020","2020","Obligated Party","D3","Separated","216,081,232"
"2020","2020","Obligated Party","D4","Separated","2,460,457,815"
"2020","2020","Obligated Party","D4","Assigned","265,308,470"
"2020","2020","Obligated Party","D5","Separated","190,012,801"
"2020","2020","Obligated Party","D5","Assigned","4,663,991"
"2020","2020","Obligated Party","D6","Separated","8,693,252,146"
"2020","2020","Obligated Party","D6","Assigned","448,902,933"
"2020","2020","RIN Originator","D3","Separated","429,335,610"
"2020","2020","RIN Originator","D3","Assigned","2,051,172"
"2020","2020","RIN Originator","D4","Assigned","3,771,019,382"
"2020","2020","RIN Originator","D4","Separated","468,275,501"
"2020","2020","RIN Originator","D5","Assigned","105,061,802"
"2020","2020","RIN Originator","D5","Separated","3,183,696"
"2020","2020","RIN Originator","D6","Assigned","10,937,314,644"
"2020","2020","RIN Originator","D6","Separated","84,648,920"
"2020","2020","RIN Owner","D3","Separated","185,724,568"
"2020","2020","RIN Owner","D3","Assigned","339,839"
"2020","2020","RIN Owner","D4","Separated","2,223,989,529"
"2020","2020","RIN Owner","D4","Assigned","962,121,590"
"2020","2020","RIN Owner","D5","Separated","22,184,164"
"2020","2020","RIN Owner","D5","Assigned","12,448,764"
"2020","2020","RIN Owner","D6","Assigned","5,765,122,860"
"2020","2020","RIN Owner","D6","Separated","3,608,336,301"
"2020","2019","Exporter","D3","Assigned","1,370,986"
"2020","2019","Exporter","D3","Separated","66,584"
"2020","2019","Exporter","D4","Separated","153,920,918"
"2020","2019","Exporter","D4","Assigned","45,867,229"
"2020","2019","Exporter","D5","Separated","10,226,529"
"2020","2019","Exporter","D5","Assigned","3,937,162"
"2020","2019","Exporter","D6","Separated","695,068,362"
"2020","2019","Exporter","D6","Assigned","174,082,034"
"2020","2019","Obligated Party","D3","Separated","87,107,044"
"2020","2019","Obligated Party","D4","Separated","934,994,576"
"2020","2019","Obligated Party","D4","Assigned","25,642,856"
"2020","2019","Obligated Party","D5","Separated","49,897,701"
"2020","2019","Obligated Party","D5","Assigned","3,160,270"
"2020","2019","Obligated Party","D6","Separated","2,710,387,073"
"2020","2019","Obligated Party","D6","Assigned","61,149,918"
"2020","2019","RIN Originator","D3","Separated","68,318,777"
"2020","2019","RIN Originator","D4","Assigned","94,754,975"
"2020","2019","RIN Originator","D4","Separated","82,592,779"
"2020","2019","RIN Originator","D5","Separated","915,813"
"2020","2019","RIN Originator","D5","Assigned","365,108"
"2020","2019","RIN Originator","D6","Separated","190,123,310"
"2020","2019","RIN Originator","D6","Assigned","49,290,729"
"2020","2019","RIN Originator","D7","Separated","39,840"
"2020","2019","RIN Owner","D3","Separated","48,255,540"
"2020","2019","RIN Owner","D3","Assigned","172,485"
"2020","2019","RIN Owner","D4","Separated","575,574,894"
"2020","2019","RIN Owner","D4","Assigned","33,563,688"
"2020","2019","RIN Owner","D5","Separated","9,954,999"
"2020","2019","RIN Owner","D5","Assigned","3,937,162"
"2020","2019","RIN Owner","D6","Separated","1,999,231,419"
"2020","2019","RIN Owner","D6","Assigned","92,876,456"
"2020","2018","Exporter","D3","Assigned","81,517"
"2020","2018","Exporter","D3","Separated","57,475"
"2020","2018","Exporter","D4","Separated","1,541,886"
"2020","2018","Exporter","D5","Separated","8,097"
"2020","2018","Exporter","D6","Separated","5,801,701"
"2020","2018","Exporter","D6","Assigned","5,423,115"
"2020","2018","Obligated Party","D3","Separated","9,696,395"
"2020","2018","Obligated Party","D4","Separated","103,078,931"
"2020","2018","Obligated Party","D5","Separated","2,681,088"
"2020","2018","Obligated Party","D6","Separated","283,072,458"
"2020","2018","RIN Originator","D3","Separated","103,372"
"2020","2018","RIN Originator","D3","Assigned","26,449"
"2020","2018","RIN Originator","D4","Assigned","214,725"
"2020","2018","RIN Originator","D4","Separated","38,800"
"2020","2018","RIN Originator","D6","Separated","3,737,058"
"2020","2018","RIN Owner","D3","Separated","7,338,226"
"2020","2018","RIN Owner","D4","Separated","95,777,341"
"2020","2018","RIN Owner","D4","Assigned","92,236"
"2020","2018","RIN Owner","D5","Separated","40,000"
"2020","2018","RIN Owner","D6","Separated","233,650,139"
"2019","2019","Exporter","D3","Separated","2,323,012"
"2019","2019","Exporter","D3","Assigned","981,802"
"2019","2019","Exporter","D4","Assigned","1,237,984,407"
"2019","2019","Exporter","D4","Separated","851,150,441"
"2019","2019","Exporter","D5","Assigned","75,026,300"
"2019","2019","Exporter","D5","Separated","11,283,502"
"2019","2019","Exporter","D6","Assigned","6,625,687,840"
"2019","2019","Exporter","D6","Separated","1,068,360,111"
"2019","2019","Exporter","D7","Separated","50,000"
"2019","2019","Obligated Party","D3","Separated","241,244,772"
"2019","2019","Obligated Party","D3","Assigned","8,551,551"
"2019","2019","Obligated Party","D4","Separated","2,093,652,461"
"2019","2019","Obligated Party","D4","Assigned","111,865,849"
"2019","2019","Obligated Party","D5","Separated","249,028,062"
"2019","2019","Obligated Party","D5","Assigned","54,422,501"
"2019","2019","Obligated Party","D6","Separated","10,433,843,703"
"2019","2019","Obligated Party","D6","Assigned","589,572,219"
"2019","2019","RIN Originator","D3","Separated","443,495,008"
"2019","2019","RIN Originator","D3","Assigned","5,551,901"
"2019","2019","RIN Originator","D4","Assigned","3,566,184,571"
"2019","2019","RIN Originator","D4","Separated","1,140,692,543"
"2019","2019","RIN Originator","D5","Assigned","85,253,137"
"2019","2019","RIN Originator","D5","Separated","17,183,078"
"2019","2019","RIN Originator","D6","Assigned","11,137,318,935"
"2019","2019","RIN Originator","D6","Separated","641,375,886"
"2019","2019","RIN Originator","D7","Separated","1,270,000"
"2019","2019","RIN Owner","D3","Separated","103,178,955"
"2019","2019","RIN Owner","D3","Assigned","3,077,669"
"2019","2019","RIN Owner","D4","Separated","1,989,373,311"
"2019","2019","RIN Owner","D4","Assigned","827,568,785"
"2019","2019","RIN Owner","D5","Separated","60,973,200"
"2019","2019","RIN Owner","D5","Assigned","2,918,997"
"2019","2019","RIN Owner","D6","Assigned","6,662,861,730"
"2019","2019","RIN Owner","D6","Separated","2,804,512,055"
"2019","2019","RIN Owner","D7","Separated","895,000"
"2019","2018","Exporter","D3","Separated","2,836,116"
"2019","2018","Exporter","D3","Assigned","134,248"
"2019","2018","Exporter","D4","Separated","159,316,224"
"2019","2018","Exporter","D4","Assigned","65,543,211"
"2019","2018","Exporter","D5","Separated","5,301,245"
"2019","2018","Exporter","D5","Assigned","1,846,956"
"2019","2018","Exporter","D6","Separated","541,580,416"
"2019","2018","Exporter","D6","Assigned","197,908,059"
"2019","2018","Obligated Party","D3","Separated","88,510,732"
"2019","2018","Obligated Party","D4","Separated","1,148,037,515"
"2019","2018","Obligated Party","D4","Assigned","7,318,761"
"2019","2018","Obligated Party","D5","Separated","53,123,490"
"2019","2018","Obligated Party","D5","Assigned","10,074,444"
"2019","2018","Obligated Party","D6","Separated","3,766,248,267"
"2019","2018","Obligated Party","D6","Assigned","33,583,476"
"2019","2018","Obligated Party","D7","Separated","400,000"
"2019","2018","RIN Originator","D3","Separated","67,852,166"
"2019","2018","RIN Originator","D4","Separated","373,855,593"
"2019","2018","RIN Originator","D4","Assigned","88,547,218"
"2019","2018","RIN Originator","D5","Separated","3,806,120"
"2019","2018","RIN Originator","D5","Assigned","16,054"
"2019","2018","RIN Originator","D6","Separated","882,280,145"
"2019","2018","RIN Originator","D6","Assigned","20,911,722"
"2019","2018","RIN Originator","D7","Separated","400,000"
"2019","2018","RIN Owner","D3","Separated","16,507,959"
"2019","2018","RIN Owner","D4","Separated","534,225,986"
"2019","2018","RIN Owner","D4","Assigned","37,107,274"
"2019","2018","RIN Owner","D5","Separated","22,352,488"
"2019","2018","RIN Owner","D6","Separated","1,215,399,299"
"2019","2018","RIN Owner","D6","Assigned","72,206,297"
"2019","2018","RIN Owner","D7","Separated","400,000"
"2019","2017","Exporter","D4","Separated","934,268"
"2019","2017","Exporter","D5","Assigned","180,066"
"2019","2017","Exporter","D5","Separated","31,606"
"2019","2017","Exporter","D6","Separated","1,122,334"
"2019","2017","Exporter","D6","Assigned","9,651"
"2019","2017","Obligated Party","D3","Separated","3,526,544"
"2019","2017","Obligated Party","D4","Separated","198,994,974"
"2019","2017","Obligated Party","D5","Separated","2,838,669"
"2019","2017","Obligated Party","D6","Separated","500,941,547"
"2019","2017","RIN Originator","D3","Separated","958,495"
"2019","2017","RIN Originator","D4","Separated","44,370,279"
"2019","2017","RIN Originator","D4","Assigned","846"
"2019","2017","RIN Originator","D5","Separated","16,408"
"2019","2017","RIN Originator","D6","Separated","127,316,181"
"2019","2017","RIN Originator","D6","Assigned","17"
"2019","2017","RIN Owner","D3","Separated","311,328"
"2019","2017","RIN Owner","D3","Assigned","12,478"
"2019","2017","RIN Owner","D4","Separated","31,418,063"
"2019","2017","RIN Owner","D5","Separated","300,000"
"2019","2017","RIN Owner","D5","Assigned","32,492"
"2019","2017","RIN Owner","D6","Separated","88,733,822"
"2019","2017","RIN Owner","D6","Assigned","13,153"
"2018","2018","Exporter","D3","Assigned","1,709,412"
"2018","2018","Exporter","D3","Separated","526,263"
"2018","2018","Exporter","D4","Assigned","1,665,730,639"
"2018","2018","Exporter","D4","Separated","481,128,758"
"2018","2018","Exporter","D5","Assigned","48,468,832"
"2018","2018","Exporter","D5","Separated","1,197,891"
"2018","2018","Exporter","D6","Assigned","6,435,054,050"
"2018","2018","Exporter","D6","Separated","919,397,165"
"2018","2018","Obligated Party","D3","Separated","153,385,503"
"2018","2018","Obligated Party","D3","Assigned","1,616,594"
"2018","2018","Obligated Party","D4","Separated","2,300,381,725"
"2018","2018","Obligated Party","D4","Assigned","34,965,724"
"2018","2018","Obligated Party","D5","Separated","95,387,943"
"2018","2018","Obligated Party","D5","Assigned","48,818,838"
"2018","2018","Obligated Party","D6","Separated","11,490,314,473"
"2018","2018","Obligated Party","D6","Assigned","381,850,639"
"2018","2018","RIN Originator","D3","Separated","274,665,325"
"2018","2018","RIN Originator","D3","Assigned","6,291,851"
"2018","2018","RIN Originator","D4","Assigned","3,129,591,322"
"2018","2018","RIN Originator","D4","Separated","530,424,974"
"2018","2018","RIN Originator","D5","Assigned","26,161,336"
"2018","2018","RIN Originator","D5","Separated","9,603,581"
"2018","2018","RIN Originator","D6","Assigned","11,478,781,329"
"2018","2018","RIN Originator","D6","Separated","616,544,026"
"2018","2018","RIN Originator","D7","Separated","2,451,256"
"2018","2018","RIN Owner","D3","Separated","79,845,747"
"2018","2018","RIN Owner","D3","Assigned","4,301,206"
"2018","2018","RIN Owner","D4","Separated","2,053,570,869"
"2018","2018","RIN Owner","D4","Assigned","590,236,322"
"2018","2018","RIN Owner","D5","Separated","13,421,402"
"2018","2018","RIN Owner","D5","Assigned","209,855"
"2018","2018","RIN Owner","D6","Assigned","6,987,879,456"
"2018","2018","RIN Owner","D6","Separated","3,748,310,733"
"2018","2018","RIN Owner","D7","Separated","2,440,000"
"2018","2017","Exporter","D3","Separated","225,010"
"2018","2017","Exporter","D3","Assigned","197,510"
"2018","2017","Exporter","D4","Separated","124,284,692"
"2018","2017","Exporter","D4","Assigned","65,751,711"
"2018","2017","Exporter","D5","Separated","1,527,783"
"2018","2017","Exporter","D5","Assigned","1,494,750"
"2018","2017","Exporter","D6","Separated","284,475,140"
"2018","2017","Exporter","D6","Assigned","158,297,934"
"2018","2017","Obligated Party","D3","Separated","77,886,653"
"2018","2017","Obligated Party","D4","Separated","1,175,594,613"
"2018","2017","Obligated Party","D4","Assigned","3,383,934"
"2018","2017","Obligated Party","D5","Separated","22,863,605"
"2018","2017","Obligated Party","D6","Separated","3,305,032,682"
"2018","2017","Obligated Party","D6","Assigned","24,634,696"
"2018","2017","Obligated Party","D7","Separated","742,892"
"2018","2017","RIN Originator","D3","Separated","38,112,785"
"2018","2017","RIN Originator","D4","Separated","167,787,602"
"2018","2017","RIN Originator","D4","Assigned","62,379,359"
"2018","2017","RIN Originator","D5","Separated","2,369,194"
"2018","2017","RIN Originator","D5","Assigned","32,588"
"2018","2017","RIN Originator","D6","Separated","473,601,011"
"2018","2017","RIN Originator","D6","Assigned","22,557,036"
"2018","2017","RIN Originator","D7","Separated","2,454,016"
"2018","2017","RIN Owner","D3","Separated","25,364,227"
"2018","2017","RIN Owner","D3","Assigned","58,001"
"2018","2017","RIN Owner","D4","Separated","564,331,439"
"2018","2017","RIN Owner","D4","Assigned","30,972,058"
"2018","2017","RIN Owner","D5","Separated","1,072,995"
"2018","2017","RIN Owner","D6","Separated","1,434,384,628"
"2018","2017","RIN Owner","D6","Assigned","96,680,793"
"2018","2016","Exporter","D4","Separated","38,516"
"2018","2016","Exporter","D5","Assigned","71,813"
"2018","2016","Exporter","D6","Separated","300,635"
"2018","2016","Exporter","D6","Assigned","16,997"
"2018","2016","Obligated Party","D3","Separated","6,741,482"
"2018","2016","Obligated Party","D4","Separated","165,543,002"
"2018","2016","Obligated Party","D5","Separated","601,180"
"2018","2016","Obligated Party","D6","Separated","429,105,062"
"2018","2016","RIN Originator","D3","Separated","126,494"
"2018","2016","RIN Originator","D4","Separated","16,282,758"
"2018","2016","RIN Originator","D6","Separated","26,309,765"
"2018","2016","RIN Originator","D6","Assigned","367,189"
"2018","2016","RIN Owner","D3","Separated","937,823"
"2018","2016","RIN Owner","D3","Assigned","203,996"
"2018","2016","RIN Owner","D4","Separated","20,683,701"
"2018","2016","RIN Owner","D4","Assigned","573"
"2018","2016","RIN Owner","D5","Separated","81,710"
"2018","2016","RIN Owner","D6","Separated","95,701,102"
"2018","2016","RIN Owner","D6","Assigned","57,710"
"2018","2015","Obligated Party","D4","Separated","6,856"
"2017","2017","Exporter","D3","Assigned","1,588,316"
"2017","2017","Exporter","D3","Separated","16,000"
"2017","2017","Exporter","D4","Assigned","913,665,464"
"2017","2017","Exporter","D4","Separated","388,183,872"
"2017","2017","Exporter","D5","Assigned","57,720,347"
"2017","2017","Exporter","D5","Separated","10,351,231"
"2017","2017","Exporter","D6","Assigned","5,221,163,747"
"2017","2017","Exporter","D6","Separated","683,132,066"
"2017","2017","Obligated Party","D3","Separated","152,116,277"
"2017","2017","Obligated Party","D3","Assigned","4,303,227"
"2017","2017","Obligated Party","D4","Separated","2,932,942,906"
"2017","2017","Obligated Party","D4","Assigned","290,151,822"
"2017","2017","Obligated Party","D5","Separated","130,350,810"
"2017","2017","Obligated Party","D5","Assigned","59,008,286"
"2017","2017","Obligated Party","D6","Separated","13,339,011,605"
"2017","2017","Obligated Party","D6","Assigned","2,020,866,978"
"2017","2017","RIN Originator","D3","Separated","220,249,548"
"2017","2017","RIN Originator","D3","Assigned","5,204,209"
"2017","2017","RIN Originator","D4","Assigned","3,309,031,404"
"2017","2017","RIN Originator","D4","Separated","626,050,385"
"2017","2017","RIN Originator","D5","Assigned","27,802,363"
"2017","2017","RIN Originator","D5","Separated","9,007,660"
"2017","2017","RIN Originator","D6","Assigned","11,491,385,870"
"2017","2017","RIN Originator","D6","Separated","772,182,029"
"2017","2017","RIN Originator","D7","Separated","1,374,542"
"2017","2017","RIN Owner","D3","Separated","68,431,073"
"2017","2017","RIN Owner","D3","Assigned","5,960,589"
"2017","2017","RIN Owner","D4","Separated","1,491,741,446"
"2017","2017","RIN Owner","D4","Assigned","450,959,730"
"2017","2017","RIN Owner","D5","Separated","5,544,318"
"2017","2017","RIN Owner","D5","Assigned","190,496"
"2017","2017","RIN Owner","D6","Assigned","6,599,876,234"
"2017","2017","RIN Owner","D6","Separated","3,045,336,021"
"2017","2017","RIN Owner","D7","Separated","250,000"
"2017","2016","Exporter","D3","Assigned","300,825"
"2017","2016","Exporter","D3","Separated","21,558"
"2017","2016","Exporter","D4","Separated","85,989,807"
"2017","2016","Exporter","D4","Assigned","49,611,439"
"2017","2016","Exporter","D5","Assigned","2,935,434"
"2017","2016","Exporter","D5","Separated","2,245,158"
"2017","2016","Exporter","D6","Separated","123,063,272"
"2017","2016","Exporter","D6","Assigned","81,206,737"
"2017","2016","Obligated Party","D3","Separated","32,039,705"
"2017","2016","Obligated Party","D4","Separated","1,025,742,216"
"2017","2016","Obligated Party","D4","Assigned","22,129,428"
"2017","2016","Obligated Party","D5","Separated","7,655,458"
"2017","2016","Obligated Party","D6","Separated","2,207,720,941"
"2017","2016","Obligated Party","D6","Assigned","35,840,693"
"2017","2016","RIN Originator","D3","Separated","23,839,289"
"2017","2016","RIN Originator","D4","Separated","169,686,646"
"2017","2016","RIN Originator","D4","Assigned","82,633,122"
"2017","2016","RIN Originator","D5","Separated","2,347,516"
"2017","2016","RIN Originator","D5","Assigned","1,077,635"
"2017","2016","RIN Originator","D6","Separated","257,577,055"
"2017","2016","RIN Originator","D6","Assigned","19,017,923"
"2017","2016","RIN Owner","D3","Separated","13,457,805"
"2017","2016","RIN Owner","D4","Separated","307,816,631"
"2017","2016","RIN Owner","D4","Assigned","30,796,522"
"2017","2016","RIN Owner","D5","Separated","1,364,324"
"2017","2016","RIN Owner","D5","Assigned","190,648"
"2017","2016","RIN Owner","D6","Separated","707,754,118"
"2017","2016","RIN Owner","D6","Assigned","121,008,415"
"2017","2015","Exporter","D3","Assigned","29,000"
"2017","2015","Exporter","D4","Separated","23,937"
"2017","2015","Exporter","D6","Separated","2,319,270"
"2017","2015","Exporter","D6","Assigned","482,873"
"2017","2015","Obligated Party","D3","Separated","14,254,186"
"2017","2015","Obligated Party","D4","Separated","13,148,138"
"2017","2015","Obligated Party","D5","Separated","4,888,943"
"2017","2015","Obligated Party","D6","Separated","75,061,611"
"2017","2015","Obligated Party","D6","Assigned","16,233,085"
"2017","2015","RIN Originator","D4","Separated","763,942"
"2017","2015","RIN Originator","D5","Separated","15,198"
"2017","2015","RIN Originator","D6","Separated","4,945,192"
"2017","2015","RIN Originator","D6","Assigned","16,917"
"2017","2015","RIN Owner","D3","Separated","184,587"
"2017","2015","RIN Owner","D4","Separated","2,534,797"
"2017","2015","RIN Owner","D5","Separated","1,060,701"
"2017","2015","RIN Owner","D5","Assigned","249,948"
"2017","2015","RIN Owner","D6","Separated","23,978,407"
"2017","2014","Obligated Party","D4","Separated","5,200,578"
"2017","2014","RIN Owner","D4","Separated","20,591"
"2017","2014","RIN Owner","D6","Separated","1"
"2016","2016","Exporter","D3","Assigned","2,438,377"
"2016","2016","Exporter","D3","Separated","1,500,000"
"2016","2016","Exporter","D4","Assigned","1,452,700,564"
"2016","2016","Exporter","D4","Separated","538,426,107"
"2016","2016","Exporter","D5","Assigned","30,624,504"
"2016","2016","Exporter","D5","Separated","2,050,000"
"2016","2016","Exporter","D6","Assigned","5,948,945,531"
"2016","2016","Exporter","D6","Separated","1,197,962,580"
"2016","2016","Obligated Party","D3","Separated","89,842,927"
"2016","2016","Obligated Party","D4","Separated","2,284,761,075"
"2016","2016","Obligated Party","D4","Assigned","306,724,311"
"2016","2016","Obligated Party","D5","Separated","44,450,924"
"2016","2016","Obligated Party","D5","Assigned","14,092,163"
"2016","2016","Obligated Party","D6","Separated","11,864,034,595"
"2016","2016","Obligated Party","D6","Assigned","274,598,249"
"2016","2016","RIN Originator","D3","Separated","190,789,487"
"2016","2016","RIN Originator","D3","Assigned","3,756,197"
"2016","2016","RIN Originator","D4","Assigned","3,410,552,083"
"2016","2016","RIN Originator","D4","Separated","445,625,331"
"2016","2016","RIN Originator","D5","Assigned","28,504,157"
"2016","2016","RIN Originator","D5","Separated","2,672,979"
"2016","2016","RIN Originator","D6","Assigned","11,459,487,213"
"2016","2016","RIN Originator","D6","Separated","609,343,743"
"2016","2016","RIN Originator","D7","Separated","480,988"
"2016","2016","RIN Owner","D3","Separated","55,359,037"
"2016","2016","RIN Owner","D3","Assigned","1,606,670"
"2016","2016","RIN Owner","D4","Separated","1,779,599,053"
"2016","2016","RIN Owner","D4","Assigned","501,807,221"
"2016","2016","RIN Owner","D5","Assigned","9,513,599"
"2016","2016","RIN Owner","D5","Separated","3,488,292"
"2016","2016","RIN Owner","D6","Assigned","7,499,620,341"
"2016","2016","RIN Owner","D6","Separated","2,454,430,484"
"2016","2015","Exporter","D3","Separated","2,027,000"
"2016","2015","Exporter","D3","Assigned","1,335,062"
"2016","2015","Exporter","D4","Separated","82,148,266"
"2016","2015","Exporter","D4","Assigned","22,134,571"
"2016","2015","Exporter","D5","Separated","319,028"
"2016","2015","Exporter","D5","Assigned","173,509"
"2016","2015","Exporter","D6","Separated","314,925,563"
"2016","2015","Exporter","D6","Assigned","138,150,636"
"2016","2015","Obligated Party","D3","Separated","40,474,329"
"2016","2015","Obligated Party","D4","Separated","639,754,752"
"2016","2015","Obligated Party","D4","Assigned","298,235"
"2016","2015","Obligated Party","D5","Separated","33,936,995"
"2016","2015","Obligated Party","D6","Separated","3,093,416,071"
"2016","2015","Obligated Party","D6","Assigned","5,054,814"
"2016","2015","RIN Originator","D3","Separated","22,634,919"
"2016","2015","RIN Originator","D3","Assigned","29,000"
"2016","2015","RIN Originator","D4","Separated","49,695,188"
"2016","2015","RIN Originator","D4","Assigned","41,781,666"
"2016","2015","RIN Originator","D5","Separated","3,627,304"
"2016","2015","RIN Originator","D5","Assigned","48,308"
"2016","2015","RIN Originator","D6","Separated","199,060,180"
"2016","2015","RIN Originator","D6","Assigned","36,196,550"
"2016","2015","RIN Originator","D7","Separated","90,000"
"2016","2015","RIN Owner","D3","Separated","6,156,376"
"2016","2015","RIN Owner","D4","Separated","224,245,748"
"2016","2015","RIN Owner","D4","Assigned","23,511,106"
"2016","2015","RIN Owner","D5","Separated","1,265,546"
"2016","2015","RIN Owner","D5","Assigned","469,260"
"2016","2015","RIN Owner","D6","Separated","602,264,586"
"2016","2015","RIN Owner","D6","Assigned","115,720,235"
"2016","2015","RIN Owner","D7","Separated","90,000"
"2016","2014","Exporter","D4","Separated","2,244,947"
"2016","2014","Exporter","D6","Assigned","11,633,545"
"2016","2014","Exporter","D6","Separated","7,974,896"
"2016","2014","Obligated Party","D3","Separated","18,646,028"
"2016","2014","Obligated Party","D4","Separated","193,454,946"
"2016","2014","Obligated Party","D5","Separated","13,444,088"
"2016","2014","Obligated Party","D6","Separated","1,193,339,240"
"2016","2014","RIN Originator","D3","Separated","598,964"
"2016","2014","RIN Originator","D4","Separated","9,324,504"
"2016","2014","RIN Originator","D4","Assigned","701,447"
"2016","2014","RIN Originator","D5","Separated","698,827"
"2016","2014","RIN Originator","D6","Separated","7,025,225"
"2016","2014","RIN Originator","D6","Assigned","368,214"
"2016","2014","RIN Originator","D7","Separated","15,449"
"2016","2014","RIN Owner","D3","Separated","508,167"
"2016","2014","RIN Owner","D4","Separated","82,576,984"
"2016","2014","RIN Owner","D5","Separated","4,588"
"2016","2014","RIN Owner","D6","Separated","282,094,525"
"2016","2013","Exporter","D4","Separated","514,794"
"2016","2013","Exporter","D5","Assigned","165,708"
"2016","2013","Exporter","D6","Assigned","417,694"
"2016","2013","Exporter","D6","Separated","72,800"
"2016","2013","Obligated Party","D3","Separated","1,703"
"2016","2013","Obligated Party","D4","Separated","136,605,352"
"2016","2013","Obligated Party","D5","Separated","25,610,919"
"2016","2013","Obligated Party","D6","Separated","495,667,517"
"2016","2013","RIN Originator","D4","Separated","3,219,819"
"2016","2013","RIN Originator","D4","Assigned","1,340,801"
"2016","2013","RIN Originator","D5","Separated","14,692"
"2016","2013","RIN Originator","D6","Separated","218,874"
"2016","2013","RIN Owner","D4","Separated","9,403,634"
"2016","2013","RIN Owner","D5","Separated","386,789"
"2016","2013","RIN Owner","D6","Separated","20,933,111"
"2016","2013","RIN Owner","D6","Assigned","640,774"
"2016","2012","Obligated Party","D4","Separated","7,763,206"
"2016","2012","Obligated Party","D5","Separated","5,079,085"
"2016","2012","Obligated Party","D6","Separated","48,858,577"
"2016","2012","RIN Originator","D5","Separated","2,145"
"2016","2012","RIN Originator","D6","Separated","751"
"2016","2012","RIN Owner","D6","Separated","831,306"
"2015","2015","Exporter","D3","Assigned","613,527"
"2015","2015","Exporter","D4","Assigned","621,295,752"
"2015","2015","Exporter","D4","Separated","269,572,816"
"2015","2015","Exporter","D5","Assigned","14,711,773"
"2015","2015","Exporter","D5","Separated","9,449,902"
"2015","2015","Exporter","D6","Assigned","5,460,982,485"
"2015","2015","Exporter","D6","Separated","1,242,928,155"
"2015","2015","Obligated Party","D3","Separated","34,323,183"
"2015","2015","Obligated Party","D4","Separated","1,219,664,208"
"2015","2015","Obligated Party","D4","Assigned","122,857,105"
"2015","2015","Obligated Party","D5","Separated","121,894,246"
"2015","2015","Obligated Party","D5","Assigned","39,482,134"
"2015","2015","Obligated Party","D6","Separated","11,201,577,008"
"2015","2015","Obligated Party","D6","Assigned","406,125,943"
"2015","2015","RIN Originator","D3","Separated","137,802,143"
"2015","2015","RIN Originator","D3","Assigned","2,151,871"
"2015","2015","RIN Originator","D4","Assigned","2,640,207,130"
"2015","2015","RIN Originator","D4","Separated","220,385,474"
"2015","2015","RIN Originator","D5","Assigned","52,082,662"
"2015","2015","RIN Originator","D5","Separated","4,971,213"
"2015","2015","RIN Originator","D6","Assigned","12,606,440,459"
"2015","2015","RIN Originator","D6","Separated","621,347,023"
"2015","2015","RIN Originator","D7","Separated","100,000"
"2015","2015","RIN Owner","D3","Separated","47,990,564"
"2015","2015","RIN Owner","D3","Assigned","113,060"
"2015","2015","RIN Owner","D4","Separated","1,108,959,578"
"2015","2015","RIN Owner","D4","Assigned","698,589,788"
"2015","2015","RIN Owner","D5","Assigned","17,680,452"
"2015","2015","RIN Owner","D5","Separated","5,634,788"
"2015","2015","RIN Owner","D6","Assigned","6,059,876,872"
"2015","2015","RIN Owner","D6","Separated","2,428,005,398"
"2015","2014","Exporter","D3","Assigned","692,127"
"2015","2014","Exporter","D4","Separated","70,466,904"
"2015","2014","Exporter","D4","Assigned","62,083,482"
"2015","2014","Exporter","D5","Separated","365,869"
"2015","2014","Exporter","D6","Separated","231,952,430"
"2015","2014","Exporter","D6","Assigned","98,622,019"
"2015","2014","Obligated Party","D3","Separated","13,964,328"
"2015","2014","Obligated Party","D4","Separated","554,044,121"
"2015","2014","Obligated Party","D4","Assigned","6,146,019"
"2015","2014","Obligated Party","D5","Separated","33,213,240"
"2015","2014","Obligated Party","D6","Separated","2,841,274,712"
"2015","2014","Obligated Party","D6","Assigned","24,022,460"
"2015","2014","RIN Originator","D3","Separated","11,256,102"
"2015","2014","RIN Originator","D3","Assigned","44,866"
"2015","2014","RIN Originator","D4","Assigned","60,550,855"
"2015","2014","RIN Originator","D4","Separated","43,758,138"
"2015","2014","RIN Originator","D5","Separated","937,253"
"2015","2014","RIN Originator","D5","Assigned","298,459"
"2015","2014","RIN Originator","D6","Assigned","78,029,629"
"2015","2014","RIN Originator","D6","Separated","69,829,645"
"2015","2014","RIN Owner","D3","Separated","11,818,428"
"2015","2014","RIN Owner","D4","Separated","268,408,502"
"2015","2014","RIN Owner","D4","Assigned","44,633,607"
"2015","2014","RIN Owner","D5","Separated","1,299,573"
"2015","2014","RIN Owner","D5","Assigned","724,075"
"2015","2014","RIN Owner","D6","Separated","545,465,828"
"2015","2014","RIN Owner","D6","Assigned","84,778,423"
"2015","2013","Exporter","D4","Separated","4,486,415"
"2015","2013","Exporter","D5","Separated","300,000"
"2015","2013","Exporter","D6","Assigned","1,551,234"
"2015","2013","Exporter","D6","Separated","1,395,933"
"2015","2013","Obligated Party","D4","Separated","57,539,457"
"2015","2013","Obligated Party","D5","Separated","41,868,863"
"2015","2013","Obligated Party","D6","Separated","206,854,778"
"2015","2013","RIN Originator","D4","Separated","513,865"
"2015","2013","RIN Originator","D5","Separated","248,289"
"2015","2013","RIN Originator","D6","Assigned","444,185"
"2015","2013","RIN Originator","D6","Separated","109,052"
"2015","2013","RIN Owner","D4","Separated","3,094,104"
"2015","2013","RIN Owner","D4","Assigned","162,500"
"2015","2013","RIN Owner","D5","Separated","240,414"
"2015","2013","RIN Owner","D5","Assigned","44,136"
"2015","2013","RIN Owner","D6","Separated","12,914,957"
"2015","2012","Exporter","D4","Separated","6,648"
"2015","2012","Exporter","D6","Separated","182,087"
"2015","2012","Obligated Party","D4","Separated","479,066"
"2015","2012","Obligated Party","D6","Separated","4,227,494"
"2015","2012","RIN Originator","D6","Assigned","22,167"
"2015","2012","RIN Owner","D4","Separated","27,699"
"2015","2012","RIN Owner","D6","Separated","134,121"
"2014","2014","Exporter","D4","Assigned","649,160,562"
"2014","2014","Exporter","D4","Separated","354,306,860"
"2014","2014","Exporter","D5","Assigned","36,426,426"
"2014","2014","Exporter","D5","Separated","11,964,670"
"2014","2014","Exporter","D6","Assigned","7,141,468,673"
"2014","2014","Exporter","D6","Separated","1,188,599,768"
"2014","2014","Exporter","D7","Separated","30,000"
"2014","2014","Obligated Party","D3","Separated","967,778"
"2014","2014","Obligated Party","D4","Separated","967,396,931"
"2014","2014","Obligated Party","D4","Assigned","63,554,150"
"2014","2014","Obligated Party","D5","Separated","54,115,949"
"2014","2014","Obligated Party","D5","Assigned","9,667,412"
"2014","2014","Obligated Party","D6","Separated","11,839,881,246"
"2014","2014","Obligated Party","D6","Assigned","456,708,930"
"2014","2014","RIN Originator","D3","Separated","21,454,684"
"2014","2014","RIN Originator","D3","Assigned","727,811"
"2014","2014","RIN Originator","D4","Assigned","2,506,958,776"
"2014","2014","RIN Originator","D4","Separated","156,563,170"
"2014","2014","RIN Originator","D5","Assigned","43,523,403"
"2014","2014","RIN Originator","D5","Separated","28,413,089"
"2014","2014","RIN Originator","D6","Assigned","12,106,796,897"
"2014","2014","RIN Originator","D6","Separated","646,822,005"
"2014","2014","RIN Originator","D7","Separated","30,000"
"2014","2014","RIN Originator","D7","Assigned","8,859"
"2014","2014","RIN Owner","D3","Separated","1,996,412"
"2014","2014","RIN Owner","D3","Assigned","29,190"
"2014","2014","RIN Owner","D4","Separated","997,530,394"
"2014","2014","RIN Owner","D4","Assigned","553,144,431"
"2014","2014","RIN Owner","D5","Separated","8,565,353"
"2014","2014","RIN Owner","D6","Assigned","4,186,271,337"
"2014","2014","RIN Owner","D6","Separated","2,484,102,783"
"2014","2013","Exporter","D4","Separated","80,902,070"
"2014","2013","Exporter","D4","Assigned","54,975,952"
"2014","2013","Exporter","D5","Separated","2,246,055"
"2014","2013","Exporter","D5","Assigned","1,516,438"
"2014","2013","Exporter","D6","Separated","162,445,157"
"2014","2013","Exporter","D6","Assigned","155,279,045"
"2014","2013","Obligated Party","D3","Separated","11,613"
"2014","2013","Obligated Party","D4","Separated","354,881,539"
"2014","2013","Obligated Party","D4","Assigned","7,663,580"
"2014","2013","Obligated Party","D5","Separated","70,045,946"
"2014","2013","Obligated Party","D5","Assigned","948,463"
"2014","2013","Obligated Party","D6","Separated","2,041,196,378"
"2014","2013","Obligated Party","D6","Assigned","16,943,937"
"2014","2013","RIN Originator","D3","Separated","146,704"
"2014","2013","RIN Originator","D4","Assigned","56,213,143"
"2014","2013","RIN Originator","D4","Separated","35,931,308"
"2014","2013","RIN Originator","D5","Separated","3,430,522"
"2014","2013","RIN Originator","D5","Assigned","32,634"
"2014","2013","RIN Originator","D6","Separated","78,564,403"
"2014","2013","RIN Originator","D6","Assigned","46,975,374"
"2014","2013","RIN Owner","D3","Separated","21,186"
"2014","2013","RIN Owner","D4","Separated","251,979,679"
"2014","2013","RIN Owner","D4","Assigned","32,257,787"
"2014","2013","RIN Owner","D5","Separated","7,361,608"
"2014","2013","RIN Owner","D5","Assigned","277,175"
"2014","2013","RIN Owner","D6","Separated","562,709,524"
"2014","2013","RIN Owner","D6","Assigned","54,269,015"
"2014","2012","Exporter","D4","Separated","1,000,876"
"2014","2012","Exporter","D5","Assigned","40,638"
"2014","2012","Exporter","D6","Assigned","3,766,154"
"2014","2012","Exporter","D6","Separated","2,559,472"
"2014","2012","Obligated Party","D4","Separated","28,098,566"
"2014","2012","Obligated Party","D5","Separated","8,937,285"
"2014","2012","Obligated Party","D6","Separated","172,438,064"
"2014","2012","RIN Originator","D4","Separated","92,887"
"2014","2012","RIN Originator","D4","Assigned","49,701"
"2014","2012","RIN Originator","D5","Separated","27,211"
"2014","2012","RIN Originator","D6","Assigned","541,121"
"2014","2012","RIN Originator","D6","Separated","17,336"
"2014","2012","RIN Owner","D4","Separated","1,581,764"
"2014","2012","RIN Owner","D4","Assigned","67,094"
"2014","2012","RIN Owner","D5","Separated","2,184,555"
"2014","2012","RIN Owner","D6","Separated","7,471,203"
"2013","2013","Exporter","D4","Assigned","695,236,623"
"2013","2013","Exporter","D4","Separated","405,302,574"
"2013","2013","Exporter","D5","Separated","132,380,666"
"2013","2013","Exporter","D5","Assigned","113,081,970"
"2013","2013","Exporter","D6","Assigned","6,058,725,703"
"2013","2013","Exporter","D6","Separated","1,141,347,638"
"2013","2013","Obligated Party","D3","Separated","156,277"
"2013","2013","Obligated Party","D4","Separated","1,406,644,690"
"2013","2013","Obligated Party","D4","Assigned","236,360,231"
"2013","2013","Obligated Party","D5","Separated","404,421,803"
"2013","2013","Obligated Party","D5","Assigned","116,840,087"
"2013","2013","Obligated Party","D6","Separated","11,361,628,977"
"2013","2013","Obligated Party","D6","Assigned","627,213,586"
"2013","2013","RIN Originator","D3","Assigned","422,740"
"2013","2013","RIN Originator","D3","Separated","21,186"
"2013","2013","RIN Originator","D4","Assigned","2,595,063,383"
"2013","2013","RIN Originator","D4","Separated","101,672,638"
"2013","2013","RIN Originator","D5","Separated","118,793,516"
"2013","2013","RIN Originator","D5","Assigned","33,338,930"
"2013","2013","RIN Originator","D6","Assigned","11,487,045,339"
"2013","2013","RIN Originator","D6","Separated","922,678,640"
"2013","2013","RIN Originator","D7","Assigned","395,777"
"2013","2013","RIN Owner","D3","Assigned","34,633"
"2013","2013","RIN Owner","D4","Separated","618,200,201"
"2013","2013","RIN Owner","D4","Assigned","581,515,086"
"2013","2013","RIN Owner","D5","Separated","16,044,665"
"2013","2013","RIN Owner","D5","Assigned","434,783"
"2013","2013","RIN Owner","D6","Assigned","4,348,730,733"
"2013","2013","RIN Owner","D6","Separated","1,685,606,362"
"2013","2013","RIN Owner","D7","Assigned","61,056"
"2013","2012","Exporter","D4","Separated","24,005,952"
"2013","2012","Exporter","D4","Assigned","8,555,273"
"2013","2012","Exporter","D5","Separated","10,490,179"
"2013","2012","Exporter","D5","Assigned","5,713,930"
"2013","2012","Exporter","D6","Separated","425,007,892"
"2013","2012","Exporter","D6","Assigned","83,791,979"
"2013","2012","Obligated Party","D4","Separated","239,997,202"
"2013","2012","Obligated Party","D4","Assigned","1,930,737"
"2013","2012","Obligated Party","D5","Separated","179,446,282"
"2013","2012","Obligated Party","D6","Separated","2,341,018,809"
"2013","2012","Obligated Party","D6","Assigned","9,888,831"
"2013","2012","RIN Originator","D4","Separated","15,210,013"
"2013","2012","RIN Originator","D4","Assigned","9,254,434"
"2013","2012","RIN Originator","D5","Separated","5,334,332"
"2013","2012","RIN Originator","D5","Assigned","162,577"
"2013","2012","RIN Originator","D6","Separated","155,072,422"
"2013","2012","RIN Originator","D6","Assigned","55,094,761"
"2013","2012","RIN Owner","D4","Separated","82,662,121"
"2013","2012","RIN Owner","D4","Assigned","11,239,558"
"2013","2012","RIN Owner","D5","Separated","8,719,992"
"2013","2012","RIN Owner","D6","Separated","542,941,039"
"2013","2012","RIN Owner","D6","Assigned","93,770,415"
"2013","2011","Exporter","D4","Separated","984,934"
"2013","2011","Exporter","D6","Separated","7,536,401"
"2013","2011","Obligated Party","D4","Separated","42,930,170"
"2013","2011","Obligated Party","D5","Separated","4,292,690"
"2013","2011","Obligated Party","D6","Separated","301,399,468"
"2013","2011","RIN Originator","D4","Separated","73,596"
"2013","2011","RIN Originator","D4","Assigned","5,784"
"2013","2011","RIN Originator","D6","Separated","5,436,000"
"2013","2011","RIN Owner","D4","Separated","4,421,458"
"2013","2011","RIN Owner","D6","Separated","21,064,459"
"2012","2012","Exporter","D4","Assigned","574,764,848"
"2012","2012","Exporter","D4","Separated","220,580,715"
"2012","2012","Exporter","D5","Separated","74,870,516"
"2012","2012","Exporter","D5","Assigned","6,540,550"
"2012","2012","Exporter","D6","Assigned","4,308,765,830"
"2012","2012","Exporter","D6","Separated","942,736,773"
"2012","2012","Obligated Party","D4","Separated","710,639,253"
"2012","2012","Obligated Party","D4","Assigned","84,587,859"
"2012","2012","Obligated Party","D5","Separated","477,000,188"
"2012","2012","Obligated Party","D5","Assigned","133,290,342"
"2012","2012","Obligated Party","D6","Separated","7,688,674,200"
"2012","2012","Obligated Party","D6","Assigned","283,505,815"
"2012","2012","Obligated Party","D7","Separated","1,741"
"2012","2012","RIN Originator","D4","Assigned","1,559,524,130"
"2012","2012","RIN Originator","D4","Separated","130,548,607"
"2012","2012","RIN Originator","D5","Assigned","69,564,412"
"2012","2012","RIN Originator","D5","Separated","54,701,017"
"2012","2012","RIN Originator","D6","Assigned","11,064,819,443"
"2012","2012","RIN Originator","D6","Separated","769,594,260"
"2012","2012","RIN Originator","D7","Assigned","1,741"
"2012","2012","RIN Originator","D7","Separated","1,741"
"2012","2012","RIN Owner","D4","Separated","576,145,716"
"2012","2012","RIN Owner","D4","Assigned","565,918,254"
"2012","2012","RIN Owner","D5","Separated","19,018,042"
"2012","2012","RIN Owner","D5","Assigned","11,897,796"
"2012","2012","RIN Owner","D6","Assigned","6,092,346,461"
"2012","2012","RIN Owner","D6","Separated","1,757,047,839"
"2012","2012","RIN Owner","D7","Separated","1,741"
"2012","2011","Exporter","D4","Separated","97,343,978"
"2012","2011","Exporter","D4","Assigned","25,680,825"
"2012","2011","Exporter","D5","Separated","5,313,593"
"2012","2011","Exporter","D6","Separated","250,268,170"
"2012","2011","Exporter","D6","Assigned","115,211,928"
"2012","2011","Obligated Party","D4","Separated","303,384,664"
"2012","2011","Obligated Party","D4","Assigned","1,272,142"
"2012","2011","Obligated Party","D5","Separated","35,672,825"
"2012","2011","Obligated Party","D5","Assigned","1,857,398"
"2012","2011","Obligated Party","D6","Separated","2,296,981,463"
"2012","2011","Obligated Party","D6","Assigned","11,685,014"
"2012","2011","RIN Originator","D4","Separated","24,857,435"
"2012","2011","RIN Originator","D4","Assigned","12,301,461"
"2012","2011","RIN Originator","D5","Separated","4,414,628"
"2012","2011","RIN Originator","D5","Assigned","326,159"
"2012","2011","RIN Originator","D6","Separated","166,041,287"
"2012","2011","RIN Originator","D6","Assigned","65,622,139"
"2012","2011","RIN Owner","D4","Separated","167,158,443"
"2012","2011","RIN Owner","D4","Assigned","28,451,801"
"2012","2011","RIN Owner","D5","Separated","5,706,861"
"2012","2011","RIN Owner","D6","Separated","1,154,812,294"
"2012","2011","RIN Owner","D6","Assigned","105,472,905"
"2012","2010","Exporter","D4","Separated","406,119"
"2012","2010","Obligated Party","D4","Separated","6,986,005"
"2012","2010","Obligated Party","D4","Assigned","363,788"
"2012","2010","Obligated Party","D5","Separated","237,078"
"2012","2010","Obligated Party","D6","Separated","169,241,680"
"2012","2010","RIN Owner","D4","Separated","861,999"
"2012","2010","RIN Owner","D6","Separated","76,870,722"
"2011","2011","Exporter","D4","Assigned","451,286,006"
"2011","2011","Exporter","D4","Separated","70,171,706"
"2011","2011","Exporter","D5","Separated","55,108,229"
"2011","2011","Exporter","D5","Assigned","6,974,491"
"2011","2011","Exporter","D6","Assigned","4,202,758,422"
"2011","2011","Exporter","D6","Separated","638,237,341"
"2011","2011","Obligated Party","D4","Separated","1,333,201,816"
"2011","2011","Obligated Party","D4","Assigned","96,830,653"
"2011","2011","Obligated Party","D5","Separated","321,701,474"
"2011","2011","Obligated Party","D5","Assigned","80,597,980"
"2011","2011","Obligated Party","D6","Separated","9,322,076,947"
"2011","2011","Obligated Party","D6","Assigned","269,091,406"
"2011","2011","RIN Originator","D4","Assigned","1,460,624,878"
"2011","2011","RIN Originator","D4","Separated","168,065,054"
"2011","2011","RIN Originator","D5","Separated","65,467,480"
"2011","2011","RIN Originator","D5","Assigned","54,478,539"
"2011","2011","RIN Originator","D6","Assigned","11,654,120,857"
"2011","2011","RIN Originator","D6","Separated","557,605,063"
"2011","2011","RIN Owner","D4","Separated","577,402,944"
"2011","2011","RIN Owner","D4","Assigned","505,148,053"
"2011","2011","RIN Owner","D5","Separated","37,677,208"
"2011","2011","RIN Owner","D5","Assigned","5,512,579"
"2011","2011","RIN Owner","D6","Assigned","5,842,024,118"
"2011","2011","RIN Owner","D6","Separated","1,987,646,006"
"2011","2010","Exporter","D4","Separated","8,456,156"
"2011","2010","Exporter","D4","Assigned","3,019,594"
"2011","2010","Exporter","D5","Assigned","1,873,305"
"2011","2010","Exporter","D5","Separated","115,287"
"2011","2010","Exporter","D6","Assigned","169,355,241"
"2011","2010","Exporter","D6","Separated","97,218,544"
"2011","2010","Obligated Party","D4","Separated","69,179,179"
"2011","2010","Obligated Party","D4","Assigned","3,165,303"
"2011","2010","Obligated Party","D5","Separated","5,277,467"
"2011","2010","Obligated Party","D6","Separated","1,765,118,760"
"2011","2010","Obligated Party","D6","Assigned","46,993,512"
"2011","2010","RIN Originator","D4","Separated","8,644,577"
"2011","2010","RIN Originator","D4","Assigned","4,081,113"
"2011","2010","RIN Originator","D5","Separated","4,234,158"
"2011","2010","RIN Originator","D5","Assigned","432,354"
"2011","2010","RIN Originator","D6","Separated","87,930,748"
"2011","2010","RIN Originator","D6","Assigned","63,421,432"
"2011","2010","RIN Owner","D4","Separated","41,274,387"
"2011","2010","RIN Owner","D4","Assigned","5,416,607"
"2011","2010","RIN Owner","D5","Separated","274,794"
"2011","2010","RIN Owner","D6","Separated","762,180,124"
"2011","2010","RIN Owner","D6","Assigned","121,622,662"
"2010","2011","Exporter","D6","Assigned","58,438"
"2010","2011","Obligated Party","D4","Separated","419,858"
"2010","2011","RIN Originator","D4","Separated","1,000,000"
"2010","2011","RIN Originator","D6","Assigned","395,956"
"2010","2011","RIN Originator","D6","Separated","63,793"
"2010","2011","RIN Owner","D4","Separated","566,256"
"2010","2011","RIN Owner","D6","Assigned","2,751,617"
"2010","2010","Exporter","D4","Assigned","27,686,514"
"2010","2010","Exporter","D4","Separated","20,441,660"
"2010","2010","Exporter","D5","Separated","787,683"
"2010","2010","Exporter","D6","Assigned","1,564,937,101"
"2010","2010","Exporter","D6","Separated","164,930,260"
"2010","2010","Obligated Party","D4","Separated","101,933,222"
"2010","2010","Obligated Party","D4","Assigned","6,879,163"
"2010","2010","Obligated Party","D5","Separated","2,734,396"
"2010","2010","Obligated Party","D6","Separated","2,351,757,797"
"2010","2010","Obligated Party","D6","Assigned","165,301,504"
"2010","2010","RIN Originator","D4","Assigned","260,670,726"
"2010","2010","RIN Originator","D4","Separated","54,527,525"
"2010","2010","RIN Originator","D5","Separated","21,782,106"
"2010","2010","RIN Originator","D5","Assigned","4,811,996"
"2010","2010","RIN Originator","D6","Assigned","6,707,767,376"
"2010","2010","RIN Originator","D6","Separated","107,537,566"
"2010","2010","RIN Owner","D4","Separated","123,174,445"
"2010","2010","RIN Owner","D4","Assigned","101,122,466"
"2010","2010","RIN Owner","D5","Separated","12,469,228"
"2010","2010","RIN Owner","D6","Assigned","3,503,124,105"
"2010","2010","RIN Owner","D6","Separated","831,968,787"
